{"cameraMode":{"drawMode":0,"name":"Shaded","section":"Shading Mode"},"sceneLighting":true,"audioPlay":false,"sceneViewState":{"showFog":true,"showMaterialUpdate":false,"showSkybox":true,"showFlares":true,"showImageEffects":true,"showParticleSystems":true},"in2DMode":false,"pivot":{"x":-33.215946197509769,"y":28.670663833618165,"z":-8.254433631896973},"rotation":{"x":-0.045286379754543307,"y":-0.018882781267166139,"z":0.0008534171502105892,"w":-0.9988020062446594},"size":21.03220558166504,"orthographic":false}