{"cameraMode":{"drawMode":0,"name":"Shaded","section":"Shading Mode"},"sceneLighting":true,"audioPlay":false,"sceneViewState":{"m_AlwaysRefresh":false,"showFog":true,"showSkybox":true,"showFlares":true,"showImageEffects":true,"showParticleSystems":true,"showVisualEffectGraphs":true,"m_FxEnabled":true},"in2DMode":false,"pivot":{"x":465.42315673828127,"y":412.3826904296875,"z":-613.0674438476563},"rotation":{"x":-0.11402785032987595,"y":0.0007810337119735777,"z":0.0016877315938472748,"w":-0.993188202381134},"size":0.7085147500038147,"orthographic":false}